,Product1,Product2,Product3,Product4,Product5
Product1,0.0000000000000000,0.1841480881035110,0.4865853382339070,0.2330681916902750,0.0961983819723063
Product2,0.3957679833263640,0.0000000000000000,0.2734202585963340,0.2226119230700930,0.1081998350072080
Product3,0.5306499351328530,0.1293818666067400,0.0000000000000000,0.2427698388273970,0.0971983594330101
Product4,0.3576839871015140,0.1335316098245200,0.4038365202290260,0.0000000000000000,0.1049478828449400
Product5,0.1961690781295490,0.2414340309708550,0.2334551772898880,0.3289417136097080,0.0000000000000000
