,Product1,Product2,Product3,Product4,Product5
Product1,0.000000000000000,0.191905973800255,0.325145649147387,0.313090878227305,0.169857498825053
Product2,0.248203321115838,0.000000000000000,0.302493783219997,0.291278829948969,0.158024065715195
Product3,0.283323310880348,0.203798846005346,0.000000000000000,0.332493868814835,0.180383974299471
Product4,0.279742098992226,0.201222824823636,0.340931158655079,0.000000000000000,0.178103917529060
Product5,0.243214403261290,0.174947887494731,0.296413620274507,0.285424088969472,0.000000000000000
